epoch,step,train_loss,train_acc
1,1,2.3146891593933105,0.109375
1,2,2.2980875968933105,0.109375
1,3,2.2566404342651367,0.1796875
1,4,2.2644152641296387,0.1484375
1,5,2.256138324737549,0.15625
1,6,2.2415425777435303,0.1796875
1,7,2.180429458618164,0.296875
1,8,2.201629877090454,0.234375
1,9,2.1770501136779785,0.2578125
1,10,2.230912923812866,0.21875
1,11,2.160327434539795,0.2734375
1,12,2.1884236335754395,0.2109375
1,13,2.10512113571167,0.28125
1,14,2.1380648612976074,0.1953125
1,15,2.1192452907562256,0.21875
1,16,2.1157426834106445,0.2421875
1,17,2.0619540214538574,0.2421875
1,18,2.116328716278076,0.296875
1,19,2.0718064308166504,0.265625
1,20,2.0569939613342285,0.25
1,21,2.0807299613952637,0.28125
1,22,2.04935359954834,0.3125
1,23,2.0929174423217773,0.2109375
1,24,2.05977201461792,0.1875
1,25,2.0035629272460938,0.28125
1,26,1.9999971389770508,0.3046875
1,27,2.0026144981384277,0.296875
1,28,2.0021378993988037,0.25
1,29,2.0328211784362793,0.265625
1,30,2.0310118198394775,0.2734375
1,31,2.081050395965576,0.25
1,32,2.0394632816314697,0.3046875
1,33,2.0010440349578857,0.3046875
1,34,1.9790053367614746,0.3515625
1,35,1.9763132333755493,0.2890625
1,36,1.9541761875152588,0.25
1,37,1.9939627647399902,0.234375
1,38,1.9350639581680298,0.3671875
1,39,1.9650802612304688,0.3046875
1,40,1.9565726518630981,0.28125
1,41,1.961035132408142,0.2421875
1,42,2.013421058654785,0.2578125
1,43,1.9999122619628906,0.265625
1,44,1.9404685497283936,0.3984375
1,45,2.0099422931671143,0.296875
1,46,1.9602818489074707,0.3203125
1,47,1.8931097984313965,0.2734375
1,48,1.9088884592056274,0.2734375
1,49,1.9325295686721802,0.2890625
1,50,1.8790870904922485,0.328125
1,51,2.035658359527588,0.265625
1,52,1.9969127178192139,0.328125
1,53,1.9303057193756104,0.3125
1,54,1.8921942710876465,0.28125
1,55,1.8796321153640747,0.34375
1,56,1.8770990371704102,0.328125
1,57,1.8864200115203857,0.3671875
1,58,1.8545684814453125,0.296875
1,59,1.8417975902557373,0.328125
1,60,1.967069387435913,0.296875
1,61,1.8472706079483032,0.375
1,62,1.8786170482635498,0.2734375
1,63,1.86875581741333,0.3203125
1,64,1.828702449798584,0.3125
1,65,1.862998366355896,0.3515625
1,66,1.9412287473678589,0.34375
1,67,1.946047067642212,0.296875
1,68,1.9703223705291748,0.3125
1,69,1.843996524810791,0.28125
1,70,1.9140772819519043,0.296875
1,71,1.8841099739074707,0.34375
1,72,2.022189140319824,0.25
1,73,1.8450915813446045,0.3828125
1,74,1.8696467876434326,0.3046875
1,75,1.9017317295074463,0.2734375
1,76,1.9200042486190796,0.328125
1,77,1.9244014024734497,0.3671875
1,78,1.7830924987792969,0.3515625
1,79,1.8691751956939697,0.3046875
1,80,1.9004466533660889,0.296875
1,81,1.8696062564849854,0.3359375
1,82,1.7981112003326416,0.2890625
1,83,1.8705037832260132,0.28125
1,84,1.9134430885314941,0.3125
1,85,1.792710304260254,0.3828125
1,86,1.8888623714447021,0.2890625
1,87,1.825082778930664,0.3125
1,88,1.8098732233047485,0.3125
1,89,1.859982967376709,0.3125
1,90,1.8398828506469727,0.2734375
1,91,1.824119210243225,0.34375
1,92,1.8122172355651855,0.3203125
1,93,1.8364644050598145,0.2265625
1,94,1.9522595405578613,0.3046875
1,95,1.8979791402816772,0.3359375
1,96,1.8175849914550781,0.3828125
1,97,1.935276985168457,0.2734375
1,98,1.844959020614624,0.3359375
1,99,1.8715506792068481,0.3046875
1,100,1.8894747495651245,0.328125
1,101,1.9259134531021118,0.2265625
1,102,1.7373261451721191,0.3671875
1,103,1.845625400543213,0.3203125
1,104,1.8406685590744019,0.3515625
1,105,1.9629422426223755,0.2890625
1,106,1.8779023885726929,0.28125
1,107,1.8520691394805908,0.296875
1,108,1.904119610786438,0.328125
1,109,1.7777841091156006,0.359375
1,110,1.843751072883606,0.34375
1,111,1.7869521379470825,0.3515625
1,112,1.7930586338043213,0.3515625
1,113,1.9284374713897705,0.2890625
1,114,1.7969608306884766,0.375
1,115,1.8459510803222656,0.328125
1,116,1.7714568376541138,0.3203125
1,117,1.9990047216415405,0.2890625
1,118,1.8782341480255127,0.2890625
1,119,1.907834768295288,0.3125
1,120,1.8414374589920044,0.3125
1,121,1.8785755634307861,0.28125
1,122,1.8076252937316895,0.34375
1,123,1.8481862545013428,0.2890625
1,124,1.9297940731048584,0.2734375
1,125,1.7982842922210693,0.375
1,126,1.8169931173324585,0.2578125
1,127,1.861462116241455,0.28125
1,128,1.992331862449646,0.296875
1,129,1.925903081893921,0.296875
1,130,1.8652441501617432,0.34375
1,131,1.8394320011138916,0.3046875
1,132,1.8068873882293701,0.3046875
1,133,1.9333516359329224,0.296875
1,134,1.8347244262695312,0.3515625
1,135,1.9662249088287354,0.328125
1,136,1.8049166202545166,0.3515625
1,137,1.8621785640716553,0.3125
1,138,1.873059868812561,0.2890625
1,139,1.7371187210083008,0.34375
1,140,1.8514083623886108,0.3359375
1,141,1.828298568725586,0.296875
1,142,1.8559173345565796,0.2890625
1,143,1.7355046272277832,0.421875
1,144,1.8552799224853516,0.28125
1,145,1.8368196487426758,0.34375
1,146,1.8826653957366943,0.34375
1,147,1.8251605033874512,0.34375
1,148,1.8780933618545532,0.34375
1,149,1.8677970170974731,0.3046875
1,150,1.79714035987854,0.390625
1,151,1.8009724617004395,0.3359375
1,152,1.8242477178573608,0.3359375
1,153,1.8552415370941162,0.3125
1,154,1.8099524974822998,0.359375
1,155,1.9097002744674683,0.296875
1,156,1.9631884098052979,0.296875
1,157,1.8680438995361328,0.2578125
1,158,1.79740309715271,0.328125
1,159,1.9349819421768188,0.296875
1,160,1.7293862104415894,0.3359375
1,161,1.8125948905944824,0.3359375
1,162,1.8780808448791504,0.3203125
1,163,1.797095775604248,0.3203125
1,164,1.7088978290557861,0.3984375
1,165,1.7609825134277344,0.3671875
1,166,1.949174165725708,0.3203125
1,167,1.7796381711959839,0.3203125
1,168,1.7335411310195923,0.34375
1,169,1.7379895448684692,0.375
1,170,1.8153607845306396,0.3203125
1,171,1.8720703125,0.2890625
1,172,1.794079065322876,0.3125
1,173,1.8079345226287842,0.328125
1,174,1.840498447418213,0.296875
1,175,1.816226840019226,0.3125
1,176,1.786648154258728,0.3359375
1,177,1.7060058116912842,0.3984375
1,178,1.9429097175598145,0.2890625
1,179,1.9187569618225098,0.2578125
1,180,1.799609661102295,0.296875
1,181,1.916264295578003,0.25
1,182,1.8411821126937866,0.28125
1,183,1.7167242765426636,0.3828125
1,184,1.8041636943817139,0.3359375
1,185,1.811179518699646,0.296875
1,186,1.7682381868362427,0.3828125
1,187,1.6668663024902344,0.359375
1,188,1.8912136554718018,0.3046875
1,189,1.825916051864624,0.3046875
1,190,1.8283183574676514,0.328125
1,191,1.8882721662521362,0.2734375
1,192,1.7868269681930542,0.3515625
1,193,1.8406645059585571,0.296875
1,194,1.8370165824890137,0.3984375
1,195,1.8014004230499268,0.3125
1,196,1.8489130735397339,0.2890625
1,197,1.8686238527297974,0.3125
1,198,1.8828010559082031,0.2890625
1,199,1.7659319639205933,0.3046875
1,200,1.9260833263397217,0.2578125
1,201,1.7377928495407104,0.359375
1,202,1.9599848985671997,0.28125
1,203,1.817480444908142,0.34375
1,204,1.844526767730713,0.3515625
1,205,1.7672300338745117,0.3359375
1,206,1.7703373432159424,0.34375
1,207,1.6938354969024658,0.359375
1,208,1.8596274852752686,0.3203125
1,209,1.7843022346496582,0.3828125
1,210,1.9114298820495605,0.3125
1,211,1.7336589097976685,0.375
1,212,1.7081806659698486,0.3359375
1,213,1.7054836750030518,0.34375
1,214,1.8603090047836304,0.3046875
1,215,1.8459612131118774,0.328125
1,216,1.8734190464019775,0.296875
1,217,1.759660005569458,0.375
1,218,1.827892541885376,0.2890625
1,219,1.8064613342285156,0.296875
1,220,1.7525763511657715,0.359375
1,221,1.7367446422576904,0.34375
1,222,1.8177621364593506,0.28125
1,223,1.828290581703186,0.328125
1,224,1.8464425802230835,0.328125
1,225,1.8095078468322754,0.3203125
1,226,1.8218408823013306,0.328125
1,227,1.9421205520629883,0.296875
1,228,1.7648502588272095,0.3671875
1,229,1.670330286026001,0.328125
1,230,1.7552504539489746,0.390625
1,231,1.7744667530059814,0.3828125
1,232,1.779130458831787,0.3203125
1,233,1.8951210975646973,0.328125
1,234,1.718561053276062,0.3125
1,235,1.7631580829620361,0.3671875
1,236,1.9251735210418701,0.2578125
1,237,1.781722068786621,0.3984375
1,238,1.7646437883377075,0.3046875
1,239,1.750417709350586,0.3359375
1,240,1.8907833099365234,0.3359375
1,241,1.965164065361023,0.3125
1,242,1.7635915279388428,0.3828125
1,243,1.691385269165039,0.3828125
1,244,1.738811731338501,0.390625
1,245,1.7158019542694092,0.359375
1,246,1.923530101776123,0.28125
1,247,1.7314261198043823,0.3203125
1,248,1.7909669876098633,0.4140625
1,249,1.7510240077972412,0.3359375
1,250,1.7637516260147095,0.390625
1,251,1.8453764915466309,0.34375
1,252,1.882108449935913,0.3125
1,253,1.6571264266967773,0.3515625
1,254,1.785170555114746,0.375
1,255,1.7689335346221924,0.3359375
1,256,1.834160327911377,0.3515625
1,257,1.8925514221191406,0.2734375
1,258,1.8789138793945312,0.2890625
1,259,1.8233177661895752,0.3359375
1,260,1.8106685876846313,0.3671875
1,261,1.7362465858459473,0.328125
1,262,1.8629496097564697,0.2890625
1,263,1.729071855545044,0.390625
1,264,1.7607406377792358,0.34375
1,265,1.7222867012023926,0.34375
1,266,1.6953991651535034,0.4140625
1,267,1.8641831874847412,0.3125
1,268,1.7866978645324707,0.3125
1,269,1.8305708169937134,0.375
1,270,1.7784068584442139,0.390625
1,271,1.777752161026001,0.3515625
1,272,1.7784044742584229,0.375
1,273,1.847037434577942,0.2890625
1,274,1.7814074754714966,0.390625
1,275,1.7925214767456055,0.359375
1,276,1.732020378112793,0.3125
1,277,1.7921494245529175,0.2734375
1,278,1.7427082061767578,0.3203125
1,279,1.8907194137573242,0.34375
1,280,1.809654712677002,0.34375
1,281,1.8402700424194336,0.375
1,282,1.815664291381836,0.3203125
1,283,1.771582841873169,0.375
1,284,1.800076961517334,0.3125
1,285,1.8017668724060059,0.3515625
1,286,1.8482587337493896,0.3671875
1,287,1.738576889038086,0.375
1,288,1.7869491577148438,0.359375
1,289,1.8779932260513306,0.28125
1,290,1.8850822448730469,0.2578125
1,291,1.8065273761749268,0.328125
1,292,1.715383529663086,0.3515625
1,293,1.8026869297027588,0.2734375
1,294,1.7981634140014648,0.359375
1,295,1.7960567474365234,0.328125
1,296,1.7136380672454834,0.3828125
1,297,1.8638545274734497,0.3125
1,298,1.9234193563461304,0.2734375
1,299,1.7693977355957031,0.3203125
1,300,1.7487092018127441,0.3828125
1,301,1.8319246768951416,0.3203125
1,302,1.8970975875854492,0.28125
1,303,1.7486662864685059,0.390625
1,304,1.8366060256958008,0.328125
1,305,1.8756533861160278,0.296875
1,306,1.7445549964904785,0.3984375
1,307,1.7460145950317383,0.25
1,308,1.8231885433197021,0.359375
1,309,1.806191325187683,0.296875
1,310,1.8439278602600098,0.3203125
1,311,1.701703429222107,0.3203125
1,312,1.8181788921356201,0.296875
1,313,1.8139307498931885,0.3359375
1,314,1.808508038520813,0.28125
1,315,1.7693301439285278,0.3671875
1,316,1.7819840908050537,0.3828125
1,317,1.8415888547897339,0.3125
1,318,1.7240451574325562,0.328125
1,319,1.759787917137146,0.3515625
1,320,1.9356114864349365,0.28125
1,321,1.8948919773101807,0.328125
1,322,1.7181696891784668,0.3515625
1,323,1.8324581384658813,0.296875
1,324,1.8512704372406006,0.3203125
1,325,1.7826610803604126,0.390625
1,326,1.816716194152832,0.3203125
1,327,1.837777853012085,0.34375
1,328,1.7820333242416382,0.3125
1,329,1.843876600265503,0.328125
1,330,1.8423770666122437,0.3125
1,331,1.820326805114746,0.3359375
1,332,1.820805549621582,0.359375
1,333,1.761641502380371,0.328125
1,334,1.8743035793304443,0.2578125
1,335,1.8695425987243652,0.3515625
1,336,1.8014806509017944,0.328125
1,337,1.7242612838745117,0.328125
1,338,1.74058997631073,0.3984375
1,339,1.8642351627349854,0.34375
1,340,1.7693452835083008,0.3828125
1,341,1.8308720588684082,0.2578125
1,342,1.7483690977096558,0.3984375
1,343,1.7666410207748413,0.375
1,344,1.9996626377105713,0.2890625
1,345,1.7839394807815552,0.34375
1,346,1.9070651531219482,0.265625
1,347,1.7659659385681152,0.3359375
1,348,1.842809796333313,0.3203125
1,349,1.7710782289505005,0.296875
1,350,1.8595759868621826,0.265625
1,351,1.720410943031311,0.3828125
1,352,1.694062352180481,0.359375
1,353,1.8150922060012817,0.3359375
1,354,1.7898895740509033,0.28125
1,355,1.6658740043640137,0.40625
1,356,1.8421071767807007,0.3359375
1,357,1.8729372024536133,0.359375
1,358,1.8321397304534912,0.34375
1,359,1.9698644876480103,0.2421875
1,360,1.9311360120773315,0.2734375
1,361,1.8492436408996582,0.3671875
1,362,1.7728118896484375,0.3359375
1,363,1.8670707941055298,0.2734375
1,364,1.760457992553711,0.3515625
1,365,1.7823150157928467,0.359375
1,366,1.8141988515853882,0.265625
1,367,1.8795993328094482,0.34375
1,368,1.7983603477478027,0.328125
1,369,1.9092429876327515,0.328125
1,370,1.7276887893676758,0.3671875
1,371,1.8135571479797363,0.359375
1,372,1.78151273727417,0.328125
1,373,1.8288090229034424,0.3515625
1,374,1.9116590023040771,0.3203125
1,375,1.7261059284210205,0.3046875
1,376,1.8457410335540771,0.296875
1,377,1.6717250347137451,0.3515625
1,378,1.6424460411071777,0.3828125
1,379,1.6353957653045654,0.3828125
1,380,1.6970651149749756,0.3828125
1,381,1.8000264167785645,0.3203125
1,382,1.6962993144989014,0.3984375
1,383,1.8087682723999023,0.2890625
1,384,1.7143993377685547,0.3125
1,385,1.8374848365783691,0.328125
1,386,1.7259924411773682,0.3359375
1,387,1.775116205215454,0.34375
1,388,1.8982741832733154,0.2578125
1,389,1.8545433282852173,0.3125
1,390,1.6853015422821045,0.40625
2,391,1.7500081062316895,0.4140625
2,392,1.6445624828338623,0.3828125
2,393,1.8569155931472778,0.3515625
2,394,1.6170376539230347,0.3828125
2,395,1.6800401210784912,0.3984375
2,396,1.7568329572677612,0.3046875
2,397,1.7419925928115845,0.3828125
2,398,1.7651066780090332,0.28125
2,399,1.8295902013778687,0.3671875
2,400,1.8283644914627075,0.328125
2,401,1.8010129928588867,0.3671875
2,402,1.7334773540496826,0.3515625
2,403,1.8050954341888428,0.3359375
2,404,1.6750489473342896,0.4375
2,405,1.730467438697815,0.2734375
2,406,1.7508395910263062,0.328125
2,407,1.784362554550171,0.3359375
2,408,1.681488037109375,0.328125
2,409,1.6780807971954346,0.4921875
2,410,1.70236074924469,0.34375
2,411,1.9168611764907837,0.2734375
2,412,1.6625783443450928,0.34375
2,413,1.8563578128814697,0.2890625
2,414,1.7798717021942139,0.3203125
2,415,1.8208038806915283,0.3046875
2,416,1.7360758781433105,0.328125
2,417,1.9289259910583496,0.3125
2,418,1.8439116477966309,0.3671875
2,419,1.7444214820861816,0.3515625
2,420,1.74686598777771,0.3671875
2,421,1.83317232131958,0.3125
2,422,1.9373234510421753,0.25
2,423,1.7215898036956787,0.3984375
2,424,1.6531856060028076,0.3125
2,425,1.7470016479492188,0.3203125
2,426,1.8682821989059448,0.3515625
2,427,1.7653875350952148,0.34375
2,428,1.6845364570617676,0.3984375
2,429,1.6626100540161133,0.390625
2,430,1.7307370901107788,0.3984375
2,431,1.732850432395935,0.34375
2,432,1.9239529371261597,0.2578125
2,433,1.855085849761963,0.3515625
2,434,1.7683799266815186,0.3203125
2,435,1.7305442094802856,0.3515625
2,436,1.8898686170578003,0.2890625
2,437,1.7192087173461914,0.40625
2,438,1.8976126909255981,0.296875
2,439,1.8310370445251465,0.3359375
2,440,1.7567954063415527,0.296875
2,441,1.7549858093261719,0.34375
2,442,1.7336236238479614,0.34375
2,443,1.7647976875305176,0.2734375
2,444,1.8012925386428833,0.328125
2,445,1.8385579586029053,0.328125
2,446,1.7538573741912842,0.3671875
2,447,1.9610991477966309,0.2421875
2,448,1.7144038677215576,0.3671875
2,449,1.803394079208374,0.359375
2,450,1.7418179512023926,0.359375
2,451,1.854624629020691,0.3046875
2,452,1.7967445850372314,0.3671875
2,453,1.6032317876815796,0.3828125
2,454,1.900760293006897,0.3203125
2,455,1.8851146697998047,0.3046875
2,456,1.716644287109375,0.3984375
2,457,1.7158429622650146,0.3046875
2,458,1.9438493251800537,0.2890625
2,459,1.7178335189819336,0.3515625
2,460,1.7878397703170776,0.3671875
2,461,1.7263734340667725,0.3515625
2,462,1.7449235916137695,0.3203125
2,463,1.7635035514831543,0.3515625
2,464,1.8544750213623047,0.3125
2,465,1.7785779237747192,0.296875
2,466,1.7964690923690796,0.3125
2,467,1.673262596130371,0.328125
2,468,1.721348762512207,0.40625
2,469,1.7068859338760376,0.390625
2,470,1.819521427154541,0.3359375
2,471,1.7523863315582275,0.3125
2,472,1.7616639137268066,0.34375
2,473,1.7240382432937622,0.3515625
2,474,1.81448495388031,0.3515625
2,475,1.736469030380249,0.3828125
2,476,1.7338783740997314,0.2890625
2,477,1.8156651258468628,0.34375
2,478,1.6330864429473877,0.3984375
2,479,1.849984884262085,0.25
2,480,1.8070988655090332,0.2890625
2,481,1.7183290719985962,0.390625
2,482,1.7364068031311035,0.40625
2,483,1.8355600833892822,0.3671875
2,484,1.728201150894165,0.34375
2,485,1.8512587547302246,0.375
2,486,1.6833441257476807,0.421875
2,487,1.6782976388931274,0.3984375
2,488,1.8007742166519165,0.359375
2,489,1.8180921077728271,0.296875
2,490,1.7955201864242554,0.375
2,491,1.786221981048584,0.3203125
2,492,1.86505126953125,0.2734375
2,493,1.7940301895141602,0.375
2,494,1.7750275135040283,0.359375
2,495,1.7740293741226196,0.3828125
2,496,1.7611243724822998,0.390625
2,497,1.6888644695281982,0.390625
2,498,1.8202600479125977,0.359375
2,499,1.8609840869903564,0.2578125
2,500,1.6455456018447876,0.359375
2,501,1.7388367652893066,0.3671875
2,502,1.7035082578659058,0.3828125
2,503,1.8415950536727905,0.34375
2,504,1.6885340213775635,0.3984375
2,505,1.771838665008545,0.3046875
2,506,1.8289575576782227,0.2890625
2,507,1.7564339637756348,0.3671875
2,508,1.8011915683746338,0.2734375
2,509,1.784177303314209,0.3125
2,510,1.6734545230865479,0.3671875
2,511,1.7072421312332153,0.3515625
2,512,1.8576748371124268,0.234375
2,513,1.7769346237182617,0.359375
2,514,1.7221689224243164,0.3828125
2,515,1.7468205690383911,0.3671875
2,516,1.8493224382400513,0.3359375
2,517,1.6977978944778442,0.3984375
2,518,1.8976669311523438,0.296875
2,519,1.8761526346206665,0.328125
2,520,1.7472920417785645,0.34375
2,521,1.8351434469223022,0.28125
2,522,1.8292362689971924,0.34375
2,523,1.9027363061904907,0.359375
2,524,1.6551982164382935,0.4296875
2,525,1.7044382095336914,0.3671875
2,526,1.8278462886810303,0.3125
2,527,1.776670217514038,0.296875
2,528,1.685381531715393,0.4453125
2,529,1.8320411443710327,0.296875
2,530,1.863336205482483,0.4140625
2,531,1.8465731143951416,0.3359375
2,532,1.7264574766159058,0.3671875
2,533,1.8834168910980225,0.296875
2,534,1.803915023803711,0.3203125
2,535,1.7618762254714966,0.3359375
2,536,1.775895595550537,0.34375
2,537,1.7821413278579712,0.359375
2,538,1.770092487335205,0.328125
2,539,1.9065961837768555,0.28125
2,540,1.9167358875274658,0.34375
2,541,1.815934419631958,0.3046875
2,542,1.830578088760376,0.296875
2,543,1.6811470985412598,0.453125
2,544,1.677748441696167,0.3359375
2,545,1.7966067790985107,0.375
2,546,1.8237895965576172,0.3203125
2,547,1.9090198278427124,0.3203125
2,548,1.8213860988616943,0.359375
2,549,1.7653017044067383,0.3984375
2,550,1.85366690158844,0.328125
2,551,1.9142496585845947,0.2734375
2,552,1.726979374885559,0.3359375
2,553,1.8343868255615234,0.328125
2,554,1.920362949371338,0.3359375
2,555,1.8465945720672607,0.328125
2,556,1.7089266777038574,0.3828125
2,557,1.8071050643920898,0.28125
2,558,1.8370442390441895,0.375
2,559,1.8805842399597168,0.3359375
2,560,1.7842929363250732,0.296875
2,561,1.6997172832489014,0.375
2,562,1.730391025543213,0.359375
2,563,1.7213865518569946,0.3671875
2,564,1.7249778509140015,0.359375
2,565,1.7398946285247803,0.34375
2,566,1.8881982564926147,0.3125
2,567,1.7275280952453613,0.296875
2,568,1.7163310050964355,0.3828125
2,569,1.8043197393417358,0.34375
2,570,1.7603480815887451,0.3359375
2,571,1.8426170349121094,0.3828125
2,572,1.6131932735443115,0.421875
2,573,1.7860212326049805,0.3671875
2,574,1.8157540559768677,0.3046875
2,575,1.6887145042419434,0.3671875
2,576,1.7007085084915161,0.3671875
2,577,1.632270097732544,0.40625
2,578,1.8867602348327637,0.390625
2,579,1.7645599842071533,0.3359375
2,580,1.7628145217895508,0.3515625
2,581,1.7656173706054688,0.359375
2,582,1.8595530986785889,0.25
2,583,1.6878788471221924,0.34375
2,584,1.8445817232131958,0.3203125
2,585,1.7518576383590698,0.3359375
2,586,1.8090646266937256,0.3125
2,587,1.7730767726898193,0.3203125
2,588,1.7392492294311523,0.4296875
2,589,1.680825114250183,0.2890625
2,590,1.7335408926010132,0.3828125
2,591,1.7324620485305786,0.359375
2,592,1.8170394897460938,0.3125
2,593,1.6702669858932495,0.3828125
2,594,1.6769108772277832,0.375
2,595,1.7349283695220947,0.328125
2,596,1.7704777717590332,0.34375
2,597,1.7313891649246216,0.3984375
2,598,1.8485915660858154,0.3203125
2,599,1.7891802787780762,0.3828125
2,600,1.90684974193573,0.34375
2,601,1.798527479171753,0.34375
2,602,1.7522149085998535,0.3203125
2,603,1.7207086086273193,0.375
2,604,1.7395825386047363,0.390625
2,605,1.6483302116394043,0.4140625
2,606,1.7367000579833984,0.3515625
2,607,1.7918657064437866,0.34375
2,608,1.7505865097045898,0.3515625
2,609,1.8114182949066162,0.375
2,610,1.7458174228668213,0.3359375
2,611,1.7683813571929932,0.3828125
2,612,1.7125160694122314,0.421875
2,613,1.8225579261779785,0.3828125
2,614,1.7589408159255981,0.4140625
2,615,1.832913875579834,0.296875
2,616,1.779342770576477,0.3203125
2,617,1.7522417306900024,0.359375
2,618,1.8999559879302979,0.2890625
2,619,1.868451714515686,0.3125
2,620,1.7813336849212646,0.4296875
2,621,1.8237396478652954,0.3203125
2,622,1.732419490814209,0.390625
2,623,1.7722067832946777,0.2734375
2,624,1.7970969676971436,0.2890625
2,625,1.8340860605239868,0.3125
2,626,1.651660680770874,0.375
2,627,1.9301939010620117,0.25
2,628,1.8709514141082764,0.3125
2,629,1.75926673412323,0.375
2,630,1.7980141639709473,0.3359375
2,631,1.7959091663360596,0.3359375
2,632,1.7836148738861084,0.328125
2,633,1.9111031293869019,0.3125
2,634,1.685873031616211,0.375
2,635,1.7709811925888062,0.34375
2,636,1.7317085266113281,0.34375
2,637,1.8227181434631348,0.2578125
2,638,1.8825324773788452,0.3359375
2,639,1.7547129392623901,0.40625
2,640,1.8823211193084717,0.328125
2,641,1.8370473384857178,0.34375
2,642,1.7869081497192383,0.375
2,643,1.7392985820770264,0.375
2,644,1.8195303678512573,0.34375
2,645,1.8329613208770752,0.3203125
2,646,1.8916670083999634,0.296875
2,647,1.7938882112503052,0.3515625
2,648,1.715081810951233,0.40625
2,649,1.7334190607070923,0.359375
2,650,1.8036375045776367,0.3359375
2,651,1.7649586200714111,0.3125
2,652,1.9038636684417725,0.28125
2,653,1.8025767803192139,0.34375
2,654,1.7787336111068726,0.3046875
2,655,1.7377820014953613,0.34375
2,656,1.8461499214172363,0.296875
2,657,1.7585175037384033,0.375
2,658,1.6991803646087646,0.3671875
2,659,1.837348222732544,0.3671875
2,660,1.7997817993164062,0.3125
2,661,1.8840835094451904,0.3046875
2,662,1.7226595878601074,0.3984375
2,663,1.7659727334976196,0.3984375
2,664,1.9555913209915161,0.28125
2,665,1.8096388578414917,0.3359375
2,666,1.7192128896713257,0.3671875
2,667,1.716550350189209,0.375
2,668,1.710681438446045,0.3515625
2,669,1.7764705419540405,0.3125
2,670,1.617309808731079,0.390625
2,671,1.8777241706848145,0.3046875
2,672,1.7118618488311768,0.390625
2,673,1.8058059215545654,0.3203125
2,674,1.9426790475845337,0.34375
2,675,1.8390928506851196,0.2890625
2,676,1.7534101009368896,0.328125
2,677,1.7882051467895508,0.296875
2,678,1.7501121759414673,0.34375
2,679,1.8315590620040894,0.3515625
2,680,1.6699705123901367,0.375
2,681,1.9174238443374634,0.28125
2,682,1.8373860120773315,0.296875
2,683,1.7092571258544922,0.328125
2,684,1.7053697109222412,0.3203125
2,685,1.8403040170669556,0.3359375
2,686,1.7321219444274902,0.3359375
2,687,1.7483724355697632,0.3203125
2,688,1.7373298406600952,0.3515625
2,689,1.7498492002487183,0.3671875
2,690,1.7667016983032227,0.34375
2,691,1.8305259943008423,0.3125
2,692,1.7553067207336426,0.3359375
2,693,1.661537766456604,0.390625
2,694,1.692156434059143,0.375
2,695,1.8223053216934204,0.34375
2,696,1.7816524505615234,0.4296875
2,697,1.794636607170105,0.3359375
2,698,1.8620829582214355,0.3671875
2,699,1.73823881149292,0.3125
2,700,1.7768234014511108,0.359375
2,701,1.7946803569793701,0.390625
2,702,1.7549723386764526,0.34375
2,703,1.7099387645721436,0.4140625
2,704,1.6839654445648193,0.3515625
2,705,1.7683792114257812,0.2890625
2,706,1.7136051654815674,0.3046875
2,707,1.8908212184906006,0.3125
2,708,1.7236273288726807,0.3828125
2,709,1.8216103315353394,0.3203125
2,710,1.797020673751831,0.3984375
2,711,1.7969675064086914,0.3984375
2,712,1.966057538986206,0.3359375
2,713,1.7520318031311035,0.4296875
2,714,1.7487283945083618,0.3984375
2,715,1.924080729484558,0.3125
2,716,1.787750482559204,0.34375
2,717,1.7601256370544434,0.3203125
2,718,1.7819544076919556,0.3671875
2,719,1.6831916570663452,0.375
2,720,1.9390239715576172,0.34375
2,721,1.7247657775878906,0.328125
2,722,1.9291841983795166,0.2578125
2,723,1.6760849952697754,0.390625
2,724,1.6621365547180176,0.3515625
2,725,1.7679243087768555,0.375
2,726,1.7410645484924316,0.34375
2,727,1.8529646396636963,0.34375
2,728,1.7984541654586792,0.28125
2,729,1.8200613260269165,0.3515625
2,730,1.8950693607330322,0.328125
2,731,1.7842234373092651,0.328125
2,732,1.8515639305114746,0.296875
2,733,1.690962553024292,0.3671875
2,734,1.8302403688430786,0.34375
2,735,1.8078358173370361,0.359375
2,736,1.7597415447235107,0.3203125
2,737,1.764092206954956,0.328125
2,738,1.7837018966674805,0.3828125
2,739,1.877008080482483,0.296875
2,740,1.7780238389968872,0.34375
2,741,1.6733050346374512,0.3515625
2,742,1.867461919784546,0.28125
2,743,1.8226417303085327,0.3515625
2,744,1.8673977851867676,0.328125
2,745,1.8456761837005615,0.3515625
2,746,1.7798070907592773,0.34375
2,747,1.8153672218322754,0.3203125
2,748,2.0104832649230957,0.2890625
2,749,1.7625871896743774,0.3828125
2,750,1.8205714225769043,0.296875
2,751,1.871541976928711,0.3671875
2,752,1.728007197380066,0.390625
2,753,1.7376658916473389,0.3671875
2,754,1.7443450689315796,0.359375
2,755,1.668447732925415,0.453125
2,756,1.8048787117004395,0.359375
2,757,1.8232510089874268,0.359375
2,758,1.7765865325927734,0.34375
2,759,1.762223482131958,0.3671875
2,760,1.850301742553711,0.3125
2,761,1.7124382257461548,0.28125
2,762,2.0332579612731934,0.21875
2,763,1.753434419631958,0.359375
2,764,1.78157377243042,0.28125
2,765,1.7669413089752197,0.3515625
2,766,1.6394102573394775,0.3671875
2,767,1.626228928565979,0.40625
2,768,1.759385585784912,0.2734375
2,769,1.694795846939087,0.3515625
2,770,1.694319486618042,0.34375
2,771,1.8469858169555664,0.2890625
2,772,1.7835309505462646,0.34375
2,773,1.8394582271575928,0.328125
2,774,1.835951566696167,0.3046875
2,775,1.76725172996521,0.3671875
2,776,1.6294472217559814,0.34375
2,777,1.8164663314819336,0.3125
2,778,1.7488223314285278,0.4140625
2,779,1.7512617111206055,0.34375
2,780,1.8591375350952148,0.390625
3,781,1.8519673347473145,0.3046875
3,782,1.8114784955978394,0.328125
3,783,1.8232104778289795,0.421875
3,784,1.7866880893707275,0.34375
3,785,1.809929370880127,0.3125
3,786,1.7611360549926758,0.4296875
3,787,1.79927396774292,0.3671875
3,788,1.8160979747772217,0.28125
3,789,1.7746158838272095,0.3828125
3,790,1.6529734134674072,0.3984375
3,791,1.7036998271942139,0.359375
3,792,1.7638365030288696,0.3515625
3,793,1.679975152015686,0.328125
3,794,1.7863744497299194,0.3515625
3,795,1.7326565980911255,0.3828125
3,796,1.823974370956421,0.2890625
3,797,1.8707849979400635,0.328125
3,798,1.706770420074463,0.375
3,799,1.8090908527374268,0.34375
3,800,1.8439252376556396,0.328125
3,801,1.821272611618042,0.3515625
3,802,1.7562243938446045,0.3203125
3,803,1.785831093788147,0.3515625
3,804,1.7910330295562744,0.328125
3,805,1.7376124858856201,0.390625
3,806,1.953954815864563,0.265625
3,807,1.8295743465423584,0.3125
3,808,1.696406602859497,0.3671875
3,809,1.7653334140777588,0.3671875
3,810,1.8334834575653076,0.34375
3,811,1.7295820713043213,0.3046875
3,812,1.751329779624939,0.296875
3,813,1.6469271183013916,0.4140625
3,814,1.7184040546417236,0.4296875
3,815,1.7243432998657227,0.359375
3,816,1.7821238040924072,0.3203125
3,817,1.7696672677993774,0.3515625
3,818,1.8407636880874634,0.34375
3,819,1.8884177207946777,0.3203125
3,820,1.8584603071212769,0.2734375
3,821,1.7607558965682983,0.3515625
3,822,1.641035795211792,0.421875
3,823,1.7142155170440674,0.375
3,824,1.7926617860794067,0.328125
3,825,1.8114434480667114,0.3125
3,826,1.8906126022338867,0.28125
3,827,1.7323579788208008,0.390625
3,828,1.959134817123413,0.2578125
3,829,1.807481050491333,0.34375
3,830,1.6339075565338135,0.3671875
3,831,1.9127765893936157,0.2890625
3,832,1.6766419410705566,0.375
3,833,1.6747373342514038,0.40625
3,834,1.6525566577911377,0.3984375
3,835,1.7358043193817139,0.3359375
3,836,1.6635499000549316,0.359375
3,837,1.736119270324707,0.3671875
3,838,1.7614290714263916,0.3359375
3,839,1.8723783493041992,0.3203125
3,840,1.7125674486160278,0.375
3,841,1.9008889198303223,0.28125
3,842,1.7249212265014648,0.3359375
3,843,1.745251178741455,0.3046875
3,844,1.724782943725586,0.4609375
3,845,1.8014984130859375,0.359375
3,846,1.7806708812713623,0.3203125
3,847,1.712103247642517,0.3671875
3,848,1.7430572509765625,0.328125
3,849,1.8123908042907715,0.3125
3,850,1.8260902166366577,0.328125
3,851,1.7965331077575684,0.3515625
3,852,1.7541829347610474,0.328125
3,853,1.7818154096603394,0.3046875
3,854,1.7366909980773926,0.3671875
3,855,1.6576859951019287,0.40625
3,856,1.6801056861877441,0.390625
3,857,1.6932231187820435,0.375
3,858,1.8036965131759644,0.328125
3,859,1.7865700721740723,0.3125
3,860,1.6179319620132446,0.4296875
3,861,1.7288784980773926,0.3671875
3,862,1.9160799980163574,0.3359375
3,863,1.730722188949585,0.3515625
3,864,1.6726529598236084,0.4140625
3,865,1.8304247856140137,0.3125
3,866,1.8496053218841553,0.265625
3,867,1.7025830745697021,0.3828125
3,868,1.7103722095489502,0.390625
3,869,1.7367982864379883,0.359375
3,870,1.8022441864013672,0.375
3,871,1.9209673404693604,0.3359375
3,872,1.7444348335266113,0.40625
3,873,1.7164716720581055,0.3515625
3,874,1.9094867706298828,0.28125
3,875,1.6634691953659058,0.3984375
3,876,1.865286111831665,0.28125
3,877,1.7959480285644531,0.3359375
3,878,1.8677140474319458,0.3515625
3,879,1.6926906108856201,0.375
3,880,1.7625677585601807,0.3515625
3,881,1.8266513347625732,0.359375
3,882,1.7020323276519775,0.34375
3,883,1.734299659729004,0.34375
3,884,1.7998136281967163,0.3984375
3,885,1.6696761846542358,0.34375
3,886,1.714170217514038,0.3984375
3,887,1.6952385902404785,0.359375
3,888,1.7041736841201782,0.328125
3,889,1.702343463897705,0.375
3,890,1.7731491327285767,0.3359375
3,891,1.7258944511413574,0.34375
3,892,1.6626954078674316,0.3828125
3,893,1.8111571073532104,0.3125
3,894,1.8558558225631714,0.3515625
3,895,1.6862947940826416,0.375
3,896,1.7253764867782593,0.3359375
3,897,1.6104421615600586,0.3828125
3,898,1.6696900129318237,0.3671875
3,899,1.734062910079956,0.3671875
3,900,1.7942783832550049,0.375
3,901,1.7815793752670288,0.375
3,902,1.6775661706924438,0.3671875
3,903,1.7404230833053589,0.40625
3,904,1.7598896026611328,0.3046875
3,905,1.74407958984375,0.3515625
3,906,1.7210474014282227,0.34375
3,907,1.846807599067688,0.34375
3,908,1.6307772397994995,0.40625
3,909,1.8506700992584229,0.28125
3,910,1.7393031120300293,0.3203125
3,911,1.6609063148498535,0.375
3,912,1.8137166500091553,0.3125
3,913,1.833583116531372,0.3125
3,914,1.7969093322753906,0.390625
3,915,1.6692397594451904,0.390625
3,916,1.6883835792541504,0.3515625
3,917,1.810563564300537,0.3671875
3,918,1.6700959205627441,0.3984375
3,919,1.7053649425506592,0.3515625
3,920,1.9217305183410645,0.3125
3,921,1.8943943977355957,0.3203125
3,922,1.8913723230361938,0.3203125
3,923,1.6971083879470825,0.40625
3,924,1.6210079193115234,0.3984375
3,925,1.691805124282837,0.3984375
3,926,1.8006081581115723,0.3828125
3,927,1.657256841659546,0.4453125
3,928,1.7253577709197998,0.34375
3,929,1.7354416847229004,0.3359375
3,930,1.8660423755645752,0.3515625
3,931,1.725332498550415,0.359375
3,932,1.9333622455596924,0.234375
3,933,1.6295698881149292,0.3671875
3,934,1.8264718055725098,0.328125
3,935,1.8002794981002808,0.3515625
3,936,1.7908389568328857,0.375
3,937,1.6108145713806152,0.40625
3,938,1.8503493070602417,0.3515625
3,939,1.765925407409668,0.3359375
3,940,1.8252103328704834,0.3046875
3,941,1.7818552255630493,0.3203125
3,942,1.835277795791626,0.3359375
3,943,1.7447855472564697,0.3984375
3,944,1.8404721021652222,0.2890625
3,945,1.8613343238830566,0.3515625
3,946,1.7859163284301758,0.3359375
3,947,1.832655668258667,0.3671875
3,948,1.813826084136963,0.328125
3,949,1.9517263174057007,0.2578125
3,950,1.7547528743743896,0.3671875
3,951,1.75133216381073,0.3515625
3,952,1.9159245491027832,0.3125
3,953,1.8245232105255127,0.3359375
3,954,1.7005043029785156,0.390625
3,955,1.7696812152862549,0.328125
3,956,1.7983918190002441,0.265625
3,957,1.7029461860656738,0.3125
3,958,1.9122883081436157,0.28125
3,959,1.7917885780334473,0.40625
3,960,1.8860325813293457,0.34375
3,961,1.8703731298446655,0.328125
3,962,1.8052804470062256,0.265625
3,963,1.8569247722625732,0.3046875
3,964,1.7792888879776,0.34375
3,965,1.7789534330368042,0.3203125
3,966,1.8385047912597656,0.3359375
3,967,1.7019715309143066,0.375
3,968,1.788496494293213,0.3046875
3,969,1.8904039859771729,0.2890625
3,970,1.757390022277832,0.375
3,971,1.6033434867858887,0.3359375
3,972,1.8056645393371582,0.34375
3,973,1.660400152206421,0.4296875
3,974,1.7146719694137573,0.3359375
3,975,1.7251319885253906,0.3828125
3,976,1.7643773555755615,0.3515625
3,977,1.7823491096496582,0.3203125
3,978,1.65590500831604,0.359375
3,979,1.715540885925293,0.3359375
3,980,1.6409003734588623,0.4140625
3,981,1.831794261932373,0.296875
3,982,1.6607664823532104,0.3359375
3,983,1.8131386041641235,0.359375
3,984,1.7975287437438965,0.3828125
3,985,2.009167432785034,0.25
3,986,1.6974852085113525,0.359375
3,987,1.755314826965332,0.3515625
3,988,1.6770009994506836,0.359375
3,989,1.6544921398162842,0.3828125
3,990,1.780166506767273,0.328125
3,991,1.7559175491333008,0.28125
3,992,1.7329494953155518,0.3984375
3,993,1.7353793382644653,0.390625
3,994,1.9047927856445312,0.3046875
3,995,1.6760878562927246,0.34375
3,996,1.737403154373169,0.3359375
3,997,1.8791300058364868,0.3203125
3,998,1.667327880859375,0.390625
3,999,1.8249943256378174,0.28125
3,1000,1.8009564876556396,0.3671875
3,1001,1.7101612091064453,0.3125
3,1002,1.7442768812179565,0.3515625
3,1003,1.6014244556427002,0.3828125
3,1004,1.79207444190979,0.3515625
3,1005,1.757784128189087,0.3359375
3,1006,1.7055583000183105,0.3671875
3,1007,1.8405325412750244,0.359375
3,1008,1.7276747226715088,0.3359375
3,1009,1.67806875705719,0.3828125
3,1010,1.7911739349365234,0.3203125
3,1011,1.7452943325042725,0.390625
3,1012,1.840705394744873,0.328125
3,1013,1.6289182901382446,0.3671875
3,1014,1.6384973526000977,0.40625
3,1015,1.8155044317245483,0.3046875
3,1016,1.7092690467834473,0.390625
3,1017,1.832958698272705,0.3203125
3,1018,1.7684376239776611,0.375
3,1019,1.7947444915771484,0.3203125
3,1020,1.7999494075775146,0.3359375
3,1021,1.732771873474121,0.3203125
3,1022,1.9087631702423096,0.3828125
3,1023,1.8262555599212646,0.3671875
3,1024,1.904792070388794,0.265625
3,1025,1.9170567989349365,0.328125
3,1026,1.8558027744293213,0.296875
3,1027,1.8385953903198242,0.3359375
3,1028,1.8473552465438843,0.25
3,1029,1.7851996421813965,0.3359375
3,1030,1.792630672454834,0.390625
3,1031,1.7021325826644897,0.3984375
3,1032,1.7787106037139893,0.3828125
3,1033,1.7895822525024414,0.34375
3,1034,1.7648887634277344,0.3671875
3,1035,1.585524559020996,0.375
3,1036,1.5677142143249512,0.4609375
3,1037,1.8138909339904785,0.34375
3,1038,1.656286597251892,0.3671875
3,1039,1.8076679706573486,0.296875
3,1040,1.6340112686157227,0.3984375
3,1041,1.9061188697814941,0.28125
3,1042,1.7485201358795166,0.3203125
3,1043,1.7553064823150635,0.359375
3,1044,1.7792251110076904,0.3359375
3,1045,1.625228762626648,0.421875
3,1046,1.8101366758346558,0.375
3,1047,1.8959593772888184,0.328125
3,1048,1.8001786470413208,0.28125
3,1049,1.6800071001052856,0.390625
3,1050,1.768883228302002,0.3671875
3,1051,1.696727991104126,0.4140625
3,1052,1.8448727130889893,0.328125
3,1053,1.8936911821365356,0.3125
3,1054,1.7267576456069946,0.40625
3,1055,1.6032682657241821,0.4140625
3,1056,1.9651546478271484,0.3125
3,1057,1.6753814220428467,0.3671875
3,1058,1.7612202167510986,0.3125
3,1059,1.872277855873108,0.2421875
3,1060,1.702134609222412,0.359375
3,1061,1.7672436237335205,0.3828125
3,1062,1.7276606559753418,0.390625
3,1063,1.793465256690979,0.3203125
3,1064,1.732117772102356,0.3671875
3,1065,1.750457763671875,0.34375
3,1066,1.6931445598602295,0.34375
3,1067,1.7662324905395508,0.3515625
3,1068,1.864412546157837,0.296875
3,1069,1.7049059867858887,0.3515625
3,1070,1.7412326335906982,0.328125
3,1071,1.9513766765594482,0.3203125
3,1072,1.7515068054199219,0.3125
3,1073,1.9402050971984863,0.3125
3,1074,1.8489577770233154,0.3203125
3,1075,1.801286220550537,0.3828125
3,1076,1.884953260421753,0.3046875
3,1077,1.7770978212356567,0.34375
3,1078,1.7284088134765625,0.34375
3,1079,1.813589334487915,0.3125
3,1080,1.841468334197998,0.28125
3,1081,1.7903478145599365,0.3359375
3,1082,1.622449517250061,0.390625
3,1083,1.7620024681091309,0.390625
3,1084,1.8030250072479248,0.2890625
3,1085,1.7189218997955322,0.4140625
3,1086,1.7793004512786865,0.3515625
3,1087,1.8276591300964355,0.3125
3,1088,1.7965021133422852,0.359375
3,1089,1.808882474899292,0.3359375
3,1090,1.6304843425750732,0.4609375
3,1091,1.8211976289749146,0.3203125
3,1092,1.7378547191619873,0.4140625
3,1093,1.821270227432251,0.3125
3,1094,1.6720588207244873,0.421875
3,1095,1.7604122161865234,0.3359375
3,1096,1.8199173212051392,0.375
3,1097,1.6561222076416016,0.421875
3,1098,1.8256590366363525,0.3046875
3,1099,1.6076836585998535,0.3984375
3,1100,1.6258180141448975,0.4140625
3,1101,1.6680495738983154,0.3671875
3,1102,1.701974630355835,0.359375
3,1103,1.8580384254455566,0.3046875
3,1104,1.8088067770004272,0.3203125
3,1105,1.816636085510254,0.28125
3,1106,1.7487425804138184,0.3203125
3,1107,1.786557674407959,0.328125
3,1108,1.7835867404937744,0.3203125
3,1109,1.7705683708190918,0.3046875
3,1110,1.8424429893493652,0.2734375
3,1111,1.804636001586914,0.3515625
3,1112,1.8037981986999512,0.3046875
3,1113,1.785596489906311,0.2734375
3,1114,1.6209802627563477,0.421875
3,1115,1.6685857772827148,0.4453125
3,1116,1.7142454385757446,0.328125
3,1117,1.7611478567123413,0.3515625
3,1118,1.7502803802490234,0.3828125
3,1119,1.8654701709747314,0.328125
3,1120,1.7416187524795532,0.3515625
3,1121,1.7350027561187744,0.296875
3,1122,1.858117699623108,0.34375
3,1123,1.8348355293273926,0.3671875
3,1124,1.8390324115753174,0.3359375
3,1125,1.7257766723632812,0.296875
3,1126,1.7842656373977661,0.3671875
3,1127,1.837220549583435,0.3359375
3,1128,1.80234956741333,0.3828125
3,1129,1.8231799602508545,0.2890625
3,1130,1.7528774738311768,0.3046875
3,1131,1.755158543586731,0.375
3,1132,1.8184595108032227,0.3125
3,1133,1.8371278047561646,0.3359375
3,1134,1.5678138732910156,0.3828125
3,1135,1.6700400114059448,0.421875
3,1136,1.7203989028930664,0.40625
3,1137,1.729790449142456,0.375
3,1138,1.7310373783111572,0.375
3,1139,1.7215805053710938,0.3515625
3,1140,1.7375799417495728,0.3671875
3,1141,1.7995879650115967,0.375
3,1142,1.853798270225525,0.296875
3,1143,1.8570983409881592,0.2890625
3,1144,1.832063913345337,0.3125
3,1145,1.7506399154663086,0.3203125
3,1146,1.6761596202850342,0.34375
3,1147,1.7051682472229004,0.4140625
3,1148,1.8359365463256836,0.3203125
3,1149,1.7869935035705566,0.2578125
3,1150,1.8235890865325928,0.3984375
3,1151,1.6282830238342285,0.34375
3,1152,1.7338380813598633,0.3359375
3,1153,1.8055773973464966,0.3515625
3,1154,1.7370870113372803,0.34375
3,1155,1.921813726425171,0.3203125
3,1156,1.7699639797210693,0.359375
3,1157,1.7195020914077759,0.375
3,1158,1.896054744720459,0.2578125
3,1159,1.6961833238601685,0.4140625
3,1160,1.744665265083313,0.28125
3,1161,1.703967571258545,0.3671875
3,1162,1.730943202972412,0.3515625
3,1163,1.7458183765411377,0.3203125
3,1164,1.864566445350647,0.3046875
3,1165,1.9246957302093506,0.296875
3,1166,1.75043785572052,0.3046875
3,1167,1.816314458847046,0.328125
3,1168,1.7459220886230469,0.3671875
3,1169,1.6923869848251343,0.3359375
3,1170,1.6605569124221802,0.34375
4,1171,1.7842481136322021,0.390625
4,1172,1.7812223434448242,0.3671875
4,1173,1.7604196071624756,0.3125
4,1174,1.7394957542419434,0.3828125
4,1175,1.6859781742095947,0.40625
4,1176,1.7332419157028198,0.3984375
4,1177,1.8895940780639648,0.296875
4,1178,1.870005488395691,0.328125
4,1179,1.6772403717041016,0.3671875
4,1180,1.7275763750076294,0.375
4,1181,1.7776885032653809,0.359375
4,1182,1.6241379976272583,0.375
4,1183,1.7754406929016113,0.3203125
4,1184,1.8515229225158691,0.3359375
4,1185,1.6463191509246826,0.40625
4,1186,1.7776943445205688,0.265625
4,1187,1.6861505508422852,0.3828125
4,1188,1.8065824508666992,0.28125
4,1189,1.7434806823730469,0.3203125
4,1190,1.7086364030838013,0.3515625
4,1191,1.7529749870300293,0.3359375
4,1192,1.8590387105941772,0.359375
4,1193,1.769271969795227,0.3671875
4,1194,1.764502763748169,0.3671875
4,1195,1.8096745014190674,0.359375
4,1196,1.8483796119689941,0.25
4,1197,1.8147945404052734,0.3671875
4,1198,1.7612829208374023,0.359375
4,1199,1.7130794525146484,0.390625
4,1200,1.6376540660858154,0.3203125
4,1201,1.6965181827545166,0.3671875
4,1202,1.709916591644287,0.3984375
4,1203,1.7943205833435059,0.28125
4,1204,1.7437427043914795,0.3984375
4,1205,1.8291096687316895,0.3125
4,1206,1.7744159698486328,0.296875
4,1207,1.7707701921463013,0.3515625
4,1208,1.7007598876953125,0.3359375
4,1209,1.7833284139633179,0.375
4,1210,1.7358849048614502,0.3671875
4,1211,1.7478946447372437,0.3125
4,1212,1.734946608543396,0.3671875
4,1213,1.7707743644714355,0.34375
4,1214,1.8666707277297974,0.2890625
4,1215,1.8504027128219604,0.3515625
4,1216,1.763434886932373,0.390625
4,1217,1.636254906654358,0.4375
4,1218,1.813878059387207,0.3046875
4,1219,1.821537971496582,0.3515625
4,1220,1.7628620862960815,0.34375
4,1221,1.887261152267456,0.28125
4,1222,1.7338685989379883,0.359375
4,1223,1.7062376737594604,0.359375
4,1224,1.7253857851028442,0.3671875
4,1225,1.7682312726974487,0.3671875
4,1226,1.6685800552368164,0.40625
4,1227,1.7323896884918213,0.3203125
4,1228,1.6555981636047363,0.3671875
4,1229,1.6365814208984375,0.46875
4,1230,1.6585429906845093,0.390625
4,1231,1.7655078172683716,0.34375
4,1232,1.6534879207611084,0.3671875
4,1233,1.700989007949829,0.3359375
4,1234,1.7843718528747559,0.3359375
4,1235,1.8113751411437988,0.359375
4,1236,1.761288046836853,0.3515625
4,1237,1.7585182189941406,0.3671875
4,1238,1.852426528930664,0.34375
4,1239,1.8834846019744873,0.3671875
4,1240,1.8333861827850342,0.296875
4,1241,1.7826595306396484,0.28125
4,1242,1.6516162157058716,0.390625
4,1243,1.7860462665557861,0.3203125
4,1244,1.707369089126587,0.3671875
4,1245,1.7977912425994873,0.3671875
4,1246,1.7481871843338013,0.3984375
4,1247,1.7252106666564941,0.375
4,1248,1.737581729888916,0.390625
4,1249,1.7654142379760742,0.3828125
4,1250,1.7958905696868896,0.328125
4,1251,1.6701810359954834,0.40625
4,1252,1.7292261123657227,0.3359375
4,1253,1.8152949810028076,0.34375
4,1254,1.7271008491516113,0.34375
4,1255,1.7246155738830566,0.421875
4,1256,1.692784309387207,0.390625
4,1257,1.6401063203811646,0.390625
4,1258,1.8239529132843018,0.3046875
4,1259,1.6680195331573486,0.453125
4,1260,1.8192138671875,0.328125
4,1261,1.888018012046814,0.2890625
4,1262,1.7891647815704346,0.3046875
4,1263,1.782881736755371,0.328125
4,1264,1.6909961700439453,0.3359375
4,1265,1.8059871196746826,0.3828125
4,1266,1.625600814819336,0.40625
4,1267,1.8092368841171265,0.34375
4,1268,1.6901562213897705,0.40625
4,1269,1.7568368911743164,0.390625
4,1270,1.7755157947540283,0.28125
4,1271,1.9116926193237305,0.3359375
4,1272,1.6807618141174316,0.3984375
4,1273,1.8144035339355469,0.3359375
4,1274,1.8260304927825928,0.3828125
4,1275,1.8225371837615967,0.3046875
4,1276,1.8495484590530396,0.3515625
4,1277,1.7849633693695068,0.3203125
4,1278,1.7615313529968262,0.328125
4,1279,1.7936426401138306,0.3046875
4,1280,1.7933493852615356,0.328125
4,1281,1.8550292253494263,0.296875
4,1282,1.6719903945922852,0.328125
4,1283,1.7349441051483154,0.3671875
4,1284,1.8357211351394653,0.3359375
4,1285,1.7543085813522339,0.3359375
4,1286,1.7428845167160034,0.328125
4,1287,1.6975371837615967,0.3359375
4,1288,1.8622891902923584,0.28125
4,1289,1.6458369493484497,0.3984375
4,1290,1.6785838603973389,0.4140625
4,1291,1.8449797630310059,0.359375
4,1292,1.681501865386963,0.3828125
4,1293,1.8298923969268799,0.40625
4,1294,1.6786106824874878,0.421875
4,1295,1.8361170291900635,0.3515625
4,1296,1.7743043899536133,0.375
4,1297,1.7796847820281982,0.40625
4,1298,1.8680357933044434,0.3515625
4,1299,1.6701769828796387,0.375
4,1300,1.8610241413116455,0.34375
4,1301,1.6130061149597168,0.4765625
4,1302,1.7283849716186523,0.3359375
4,1303,1.8575505018234253,0.328125
4,1304,1.7012858390808105,0.296875
4,1305,1.7116894721984863,0.375
4,1306,1.9071543216705322,0.234375
4,1307,1.754438877105713,0.375
4,1308,1.735908031463623,0.3828125
4,1309,1.8006415367126465,0.359375
4,1310,1.692376971244812,0.3515625
4,1311,1.7245814800262451,0.34375
4,1312,1.6648340225219727,0.3828125
4,1313,1.8278923034667969,0.3671875
4,1314,1.8565964698791504,0.328125
4,1315,1.585115671157837,0.390625
4,1316,1.704506278038025,0.3515625
4,1317,1.7036211490631104,0.328125
4,1318,1.6260714530944824,0.359375
4,1319,1.8443632125854492,0.3125
4,1320,1.7126857042312622,0.3671875
4,1321,1.7713671922683716,0.3515625
4,1322,1.843682050704956,0.3359375
4,1323,1.8412981033325195,0.3515625
4,1324,1.874120831489563,0.2734375
4,1325,1.761528491973877,0.296875
4,1326,1.867983102798462,0.3515625
4,1327,1.7806382179260254,0.3125
4,1328,1.7945749759674072,0.3046875
4,1329,1.8671836853027344,0.3046875
4,1330,1.63654625415802,0.40625
4,1331,1.6774920225143433,0.3125
4,1332,1.9130364656448364,0.2890625
4,1333,1.7439311742782593,0.390625
4,1334,1.7413854598999023,0.3515625
4,1335,1.7636457681655884,0.2890625
4,1336,1.8835245370864868,0.3125
4,1337,1.7785298824310303,0.3125
4,1338,1.9187707901000977,0.34375
4,1339,1.8366637229919434,0.3671875
4,1340,1.7634215354919434,0.3984375
4,1341,1.7120747566223145,0.421875
4,1342,1.7054378986358643,0.3359375
4,1343,1.699148178100586,0.390625
4,1344,1.7578240633010864,0.34375
4,1345,1.6669762134552002,0.375
4,1346,1.7488176822662354,0.359375
4,1347,1.7949538230895996,0.3359375
4,1348,1.7163887023925781,0.3125
4,1349,1.8665814399719238,0.359375
4,1350,1.6964223384857178,0.40625
4,1351,1.7131304740905762,0.4140625
4,1352,1.8322317600250244,0.2890625
4,1353,1.7649588584899902,0.3515625
4,1354,1.5837881565093994,0.4296875
4,1355,1.8104126453399658,0.2890625
4,1356,1.7338435649871826,0.296875
4,1357,1.893847942352295,0.3203125
4,1358,1.7384099960327148,0.4296875
4,1359,1.82570219039917,0.34375
4,1360,1.6920087337493896,0.3046875
4,1361,1.951966643333435,0.28125
4,1362,1.7541439533233643,0.328125
4,1363,1.7851319313049316,0.3984375
4,1364,1.7320133447647095,0.296875
4,1365,1.6981372833251953,0.3203125
4,1366,1.903064250946045,0.3671875
4,1367,1.7934348583221436,0.3359375
4,1368,1.826460838317871,0.3125
4,1369,1.7627313137054443,0.375
4,1370,1.7571401596069336,0.34375
4,1371,1.6872965097427368,0.3828125
4,1372,1.8211121559143066,0.328125
4,1373,1.82547128200531,0.3671875
4,1374,1.779455304145813,0.28125
4,1375,1.70722496509552,0.328125
4,1376,1.9049444198608398,0.34375
4,1377,1.8348809480667114,0.328125
4,1378,1.810455083847046,0.3515625
4,1379,1.6494545936584473,0.4609375
4,1380,1.7982351779937744,0.3515625
4,1381,1.8283448219299316,0.3203125
4,1382,1.8245676755905151,0.28125
4,1383,1.8081815242767334,0.328125
4,1384,1.7067276239395142,0.3671875
4,1385,1.6244356632232666,0.3984375
4,1386,1.6894941329956055,0.34375
4,1387,1.7701363563537598,0.34375
4,1388,1.74667489528656,0.40625
4,1389,1.7639222145080566,0.375
4,1390,1.7290608882904053,0.359375
4,1391,1.657683253288269,0.3984375
4,1392,1.7603732347488403,0.375
4,1393,1.8013482093811035,0.3125
4,1394,1.704463243484497,0.40625
4,1395,1.7236216068267822,0.3671875
4,1396,1.7632513046264648,0.3203125
4,1397,1.7849518060684204,0.359375
4,1398,1.7568265199661255,0.34375
4,1399,1.795506477355957,0.3359375
4,1400,1.7910676002502441,0.3203125
4,1401,1.8241076469421387,0.3203125
4,1402,1.6794135570526123,0.375
4,1403,1.7301361560821533,0.3515625
4,1404,1.8312766551971436,0.3125
4,1405,1.7735869884490967,0.265625
4,1406,1.7734222412109375,0.328125
4,1407,1.8541483879089355,0.40625
4,1408,1.7042393684387207,0.4140625
4,1409,1.6391868591308594,0.421875
4,1410,1.6948199272155762,0.3515625
4,1411,1.7694292068481445,0.296875
4,1412,1.8358635902404785,0.3828125
4,1413,1.7469857931137085,0.3671875
4,1414,1.7701256275177002,0.34375
4,1415,1.8230338096618652,0.328125
4,1416,1.704822063446045,0.375
4,1417,1.623753547668457,0.4765625
4,1418,1.7275835275650024,0.3515625
4,1419,1.8246057033538818,0.359375
4,1420,1.6260333061218262,0.4453125
4,1421,1.768951177597046,0.3046875
4,1422,1.723242163658142,0.3984375
4,1423,1.835047721862793,0.3203125
4,1424,1.569921612739563,0.4375
4,1425,1.781272292137146,0.34375
4,1426,1.7780344486236572,0.359375
4,1427,1.8749454021453857,0.265625
4,1428,1.6966584920883179,0.3671875
4,1429,1.8032792806625366,0.296875
4,1430,1.8157832622528076,0.3359375
4,1431,1.7040486335754395,0.390625
4,1432,1.6722842454910278,0.3828125
4,1433,1.7249889373779297,0.34375
4,1434,1.7928924560546875,0.359375
4,1435,1.8349145650863647,0.328125
4,1436,1.839524745941162,0.28125
4,1437,1.7549166679382324,0.359375
4,1438,1.6489696502685547,0.3984375
4,1439,1.7430646419525146,0.453125
4,1440,1.8159197568893433,0.328125
4,1441,1.9977843761444092,0.2578125
4,1442,1.8772486448287964,0.3046875
4,1443,1.6858718395233154,0.3359375
4,1444,1.6793136596679688,0.3515625
4,1445,1.8221912384033203,0.34375
4,1446,1.7033246755599976,0.3125
4,1447,1.7455414533615112,0.3515625
4,1448,1.7648895978927612,0.359375
4,1449,1.7361067533493042,0.421875
4,1450,1.6610620021820068,0.375
4,1451,1.8311383724212646,0.328125
4,1452,1.698391079902649,0.359375
4,1453,1.7831172943115234,0.28125
4,1454,1.9491727352142334,0.234375
4,1455,1.8419017791748047,0.296875
4,1456,1.6959561109542847,0.4453125
4,1457,1.7500169277191162,0.3671875
4,1458,1.8412734270095825,0.359375
4,1459,1.7033342123031616,0.359375
4,1460,1.7038768529891968,0.3984375
4,1461,1.7832845449447632,0.3515625
4,1462,1.726640224456787,0.359375
4,1463,1.6640831232070923,0.3515625
4,1464,1.7808693647384644,0.359375
4,1465,1.72088623046875,0.375
4,1466,1.704319715499878,0.3671875
4,1467,1.8243777751922607,0.3359375
4,1468,1.7648680210113525,0.3125
4,1469,1.6471366882324219,0.3984375
4,1470,1.7264773845672607,0.3046875
4,1471,1.7415757179260254,0.3046875
4,1472,1.7151570320129395,0.390625
4,1473,1.6270372867584229,0.40625
4,1474,1.8814175128936768,0.328125
4,1475,1.7133904695510864,0.3671875
4,1476,1.791790246963501,0.3828125
4,1477,1.824323296546936,0.3359375
4,1478,1.8316084146499634,0.3359375
4,1479,1.762892723083496,0.421875
4,1480,1.8868567943572998,0.2890625
4,1481,1.7200918197631836,0.4375
4,1482,1.6599503755569458,0.375
4,1483,1.8883960247039795,0.359375
4,1484,1.693788766860962,0.328125
4,1485,1.766566514968872,0.3125
4,1486,1.6940600872039795,0.3515625
4,1487,1.7553651332855225,0.3515625
4,1488,1.8286778926849365,0.3046875
4,1489,1.6806352138519287,0.421875
4,1490,1.7601227760314941,0.359375
4,1491,1.7949557304382324,0.3203125
4,1492,1.758220911026001,0.359375
4,1493,1.7465002536773682,0.34375
4,1494,1.698150396347046,0.359375
4,1495,1.7790162563323975,0.328125
4,1496,1.7327094078063965,0.375
4,1497,1.798702359199524,0.3359375
4,1498,1.8877074718475342,0.34375
4,1499,1.6571247577667236,0.390625
4,1500,1.740333914756775,0.34375
4,1501,1.7517144680023193,0.390625
4,1502,1.7527310848236084,0.3515625
4,1503,1.776031494140625,0.3125
4,1504,1.7726197242736816,0.40625
4,1505,1.7573728561401367,0.3359375
4,1506,1.7085516452789307,0.375
4,1507,1.7570420503616333,0.3515625
4,1508,1.6657980680465698,0.3828125
4,1509,1.8399665355682373,0.2890625
4,1510,1.7972233295440674,0.3671875
4,1511,1.7998476028442383,0.3046875
4,1512,1.7115706205368042,0.3515625
4,1513,1.6432157754898071,0.3828125
4,1514,1.6193296909332275,0.421875
4,1515,1.7104498147964478,0.3515625
4,1516,1.7008123397827148,0.34375
4,1517,1.793381929397583,0.34375
4,1518,1.786888599395752,0.296875
4,1519,1.773674726486206,0.3046875
4,1520,1.6809273958206177,0.3984375
4,1521,1.8709497451782227,0.359375
4,1522,1.6703736782073975,0.390625
4,1523,1.789878487586975,0.3203125
4,1524,1.7991228103637695,0.3671875
4,1525,1.6493209600448608,0.3515625
4,1526,1.8282132148742676,0.34375
4,1527,1.7915747165679932,0.3203125
4,1528,1.71075439453125,0.359375
4,1529,1.6932955980300903,0.3515625
4,1530,1.9533847570419312,0.2890625
4,1531,1.6704037189483643,0.3984375
4,1532,1.7008302211761475,0.359375
4,1533,1.7611286640167236,0.3671875
4,1534,1.7304022312164307,0.390625
4,1535,1.7102241516113281,0.3671875
4,1536,1.6779649257659912,0.3515625
4,1537,1.8495070934295654,0.3203125
4,1538,1.7337665557861328,0.34375
4,1539,1.7316299676895142,0.375
4,1540,1.8660657405853271,0.296875
4,1541,1.6987208127975464,0.3984375
4,1542,1.6366592645645142,0.40625
4,1543,1.6367855072021484,0.40625
4,1544,1.7485153675079346,0.3515625
4,1545,1.8712358474731445,0.34375
4,1546,1.9299489259719849,0.2890625
4,1547,1.8665772676467896,0.34375
4,1548,1.7743916511535645,0.3125
4,1549,1.7681533098220825,0.4140625
4,1550,1.7577643394470215,0.359375
4,1551,1.5785943269729614,0.390625
4,1552,1.8242464065551758,0.390625
4,1553,1.684875249862671,0.375
4,1554,1.9217380285263062,0.3125
4,1555,1.6929140090942383,0.359375
4,1556,1.6417659521102905,0.4140625
4,1557,1.6441216468811035,0.390625
4,1558,1.6210899353027344,0.3828125
4,1559,1.797675371170044,0.3359375
4,1560,1.7346597909927368,0.3828125
5,1561,1.664381980895996,0.4375
5,1562,1.7895206212997437,0.328125
5,1563,1.6562697887420654,0.34375
5,1564,1.6230285167694092,0.4140625
5,1565,1.6364753246307373,0.4609375
5,1566,1.6694296598434448,0.3828125
5,1567,1.8001563549041748,0.3515625
5,1568,1.7243318557739258,0.3515625
5,1569,1.7978944778442383,0.3671875
5,1570,1.794926404953003,0.3671875
5,1571,1.7961984872817993,0.3125
5,1572,1.7841277122497559,0.40625
5,1573,1.7288637161254883,0.3515625
5,1574,1.6223790645599365,0.3984375
5,1575,1.769774317741394,0.3359375
5,1576,1.8564600944519043,0.3203125
5,1577,1.6990609169006348,0.40625
5,1578,1.7810192108154297,0.2890625
5,1579,1.8083831071853638,0.3203125
5,1580,1.876024842262268,0.328125
5,1581,1.7579280138015747,0.3671875
5,1582,1.6119654178619385,0.34375
5,1583,1.698041558265686,0.34375
5,1584,1.711897611618042,0.3359375
5,1585,1.636054277420044,0.4375
5,1586,1.8712486028671265,0.3046875
5,1587,1.6617430448532104,0.3984375
5,1588,1.7242388725280762,0.3828125
5,1589,1.6995203495025635,0.3046875
5,1590,1.8938015699386597,0.3125
5,1591,1.8136740922927856,0.328125
5,1592,1.642472743988037,0.390625
5,1593,1.7252864837646484,0.4296875
5,1594,1.8200863599777222,0.2734375
5,1595,1.671706199645996,0.3984375
5,1596,1.7020952701568604,0.375
5,1597,1.763262152671814,0.3203125
5,1598,1.755795955657959,0.328125
5,1599,1.6317379474639893,0.4609375
5,1600,1.693583369255066,0.4140625
5,1601,1.667968511581421,0.359375
5,1602,1.733109712600708,0.4140625
5,1603,1.6356606483459473,0.3359375
5,1604,1.7290523052215576,0.328125
5,1605,1.916821837425232,0.3203125
5,1606,1.8598957061767578,0.296875
5,1607,1.8410205841064453,0.265625
5,1608,1.7724096775054932,0.375
5,1609,1.7749571800231934,0.3671875
5,1610,1.7030997276306152,0.375
5,1611,1.8270217180252075,0.375
5,1612,1.7289109230041504,0.3671875
5,1613,1.8483561277389526,0.3046875
5,1614,1.6752314567565918,0.40625
5,1615,1.7567347288131714,0.3828125
5,1616,1.6709356307983398,0.359375
5,1617,1.884183406829834,0.2734375
5,1618,1.6625045537948608,0.390625
5,1619,1.7770904302597046,0.328125
5,1620,1.6566319465637207,0.4296875
5,1621,1.686538815498352,0.3359375
5,1622,1.7060365676879883,0.390625
5,1623,1.8679431676864624,0.3046875
5,1624,1.8946871757507324,0.2890625
5,1625,1.8135274648666382,0.40625
5,1626,1.823403000831604,0.296875
5,1627,1.6604938507080078,0.40625
5,1628,1.8812364339828491,0.265625
5,1629,1.7611136436462402,0.3203125
5,1630,1.8896386623382568,0.359375
5,1631,1.724616527557373,0.34375
5,1632,1.6286652088165283,0.40625
5,1633,1.7474069595336914,0.3828125
5,1634,1.7718932628631592,0.421875
5,1635,1.7939194440841675,0.3359375
5,1636,1.643965721130371,0.4140625
5,1637,1.8068363666534424,0.3046875
5,1638,1.7352932691574097,0.3125
5,1639,1.662118911743164,0.4140625
5,1640,1.700545072555542,0.375
5,1641,1.8089334964752197,0.3671875
5,1642,1.6616137027740479,0.3515625
5,1643,1.7186017036437988,0.3359375
5,1644,1.7380876541137695,0.296875
5,1645,1.838549017906189,0.265625
5,1646,1.8002727031707764,0.34375
5,1647,1.7916581630706787,0.3984375
5,1648,1.6939795017242432,0.3828125
5,1649,1.6788556575775146,0.359375
5,1650,1.6045784950256348,0.4296875
5,1651,1.7497824430465698,0.359375
5,1652,1.8422033786773682,0.2734375
5,1653,1.7313404083251953,0.390625
5,1654,1.7828757762908936,0.34375
5,1655,1.7428102493286133,0.34375
5,1656,1.7793926000595093,0.390625
5,1657,1.7870770692825317,0.3984375
5,1658,1.8263839483261108,0.3359375
5,1659,1.691590428352356,0.359375
5,1660,1.8416767120361328,0.28125
5,1661,1.720068335533142,0.3515625
5,1662,1.8393950462341309,0.3671875
5,1663,1.7500478029251099,0.3671875
5,1664,1.6924489736557007,0.3828125
5,1665,1.726344347000122,0.359375
5,1666,1.7600864171981812,0.3125
5,1667,1.8136391639709473,0.34375
5,1668,1.6181175708770752,0.390625
5,1669,1.6178019046783447,0.4765625
5,1670,1.7523763179779053,0.421875
5,1671,1.5995025634765625,0.4140625
5,1672,1.6738239526748657,0.34375
5,1673,1.76104736328125,0.3515625
5,1674,1.7707769870758057,0.3359375
5,1675,1.856832504272461,0.2578125
5,1676,1.8146491050720215,0.328125
5,1677,1.7027372121810913,0.34375
5,1678,1.699504017829895,0.375
5,1679,1.7930997610092163,0.3359375
5,1680,1.7730542421340942,0.328125
5,1681,1.6671125888824463,0.4453125
5,1682,1.7771713733673096,0.3046875
5,1683,1.641808032989502,0.3828125
5,1684,1.7952673435211182,0.328125
5,1685,1.7367539405822754,0.359375
5,1686,1.8441779613494873,0.3203125
5,1687,1.8050765991210938,0.3046875
5,1688,1.739595890045166,0.34375
5,1689,1.7605876922607422,0.390625
5,1690,1.849503755569458,0.34375
5,1691,1.783650517463684,0.3046875
5,1692,1.6589035987854004,0.3515625
5,1693,1.7878224849700928,0.2734375
5,1694,1.7577323913574219,0.3515625
5,1695,1.813468337059021,0.296875
5,1696,1.8622666597366333,0.34375
5,1697,1.7454737424850464,0.3515625
5,1698,1.6784363985061646,0.34375
5,1699,1.5805339813232422,0.40625
5,1700,1.7391562461853027,0.3828125
5,1701,1.692596673965454,0.3984375
5,1702,1.6358599662780762,0.375
5,1703,1.7764517068862915,0.3203125
5,1704,1.775531530380249,0.3515625
5,1705,1.811677098274231,0.296875
5,1706,1.7020370960235596,0.3515625
5,1707,1.7330873012542725,0.34375
5,1708,1.7017316818237305,0.3515625
5,1709,1.8557597398757935,0.34375
5,1710,1.6985664367675781,0.390625
5,1711,1.8340349197387695,0.34375
5,1712,1.7449889183044434,0.375
5,1713,1.7600476741790771,0.3359375
5,1714,1.7685620784759521,0.359375
5,1715,1.9855237007141113,0.3046875
5,1716,1.7153466939926147,0.3984375
5,1717,1.7572450637817383,0.3828125
5,1718,1.8258335590362549,0.3125
5,1719,1.8434672355651855,0.3359375
5,1720,1.8058128356933594,0.296875
5,1721,1.7432931661605835,0.359375
5,1722,1.7210206985473633,0.375
5,1723,1.7547712326049805,0.40625
5,1724,1.7760215997695923,0.3515625
5,1725,1.6889797449111938,0.3671875
5,1726,1.7904400825500488,0.34375
5,1727,1.6733958721160889,0.359375
5,1728,1.7205584049224854,0.3515625
5,1729,1.6856703758239746,0.3828125
5,1730,1.7657115459442139,0.3125
5,1731,1.6792340278625488,0.3671875
5,1732,1.7928410768508911,0.296875
5,1733,1.9889771938323975,0.265625
5,1734,1.7433440685272217,0.3671875
5,1735,1.7699143886566162,0.34375
5,1736,1.7880439758300781,0.34375
5,1737,1.7176272869110107,0.296875
5,1738,1.7311837673187256,0.328125
5,1739,1.8004837036132812,0.296875
5,1740,1.6970407962799072,0.3984375
5,1741,1.9000422954559326,0.34375
5,1742,1.7789392471313477,0.3671875
5,1743,1.7078689336776733,0.4140625
5,1744,1.8034963607788086,0.359375
5,1745,1.7340052127838135,0.40625
5,1746,1.7002131938934326,0.390625
5,1747,1.7303966283798218,0.3828125
5,1748,1.878623604774475,0.2890625
5,1749,1.795522689819336,0.34375
5,1750,1.6955615282058716,0.375
5,1751,1.7603347301483154,0.375
5,1752,1.6722166538238525,0.453125
5,1753,1.626686692237854,0.3984375
5,1754,1.8009560108184814,0.3671875
5,1755,1.6971471309661865,0.3359375
5,1756,1.8965636491775513,0.296875
5,1757,1.7994086742401123,0.34375
5,1758,1.671936273574829,0.34375
5,1759,1.7741777896881104,0.28125
5,1760,1.8283135890960693,0.3828125
5,1761,1.7567713260650635,0.3984375
5,1762,1.6984388828277588,0.3515625
5,1763,1.6588789224624634,0.421875
5,1764,1.8391056060791016,0.375
5,1765,1.7968273162841797,0.3046875
5,1766,1.6667149066925049,0.421875
5,1767,1.753798484802246,0.3671875
5,1768,1.8102965354919434,0.34375
5,1769,1.7784091234207153,0.3359375
5,1770,1.8042681217193604,0.359375
5,1771,1.7441319227218628,0.3359375
5,1772,1.8412020206451416,0.2890625
5,1773,1.74092698097229,0.3515625
5,1774,1.782226324081421,0.296875
5,1775,1.7785282135009766,0.3359375
5,1776,1.8091540336608887,0.3671875
5,1777,1.8128162622451782,0.3046875
5,1778,1.620328664779663,0.40625
5,1779,1.670473575592041,0.4296875
5,1780,1.7879477739334106,0.3828125
5,1781,1.7397618293762207,0.3125
5,1782,1.6950886249542236,0.3515625
5,1783,1.8701386451721191,0.2890625
5,1784,1.7182185649871826,0.390625
5,1785,1.6418437957763672,0.4140625
5,1786,1.770453691482544,0.34375
5,1787,1.810662031173706,0.328125
5,1788,1.8091254234313965,0.390625
5,1789,1.790386438369751,0.3359375
5,1790,1.7673872709274292,0.375
5,1791,1.8415510654449463,0.375
5,1792,1.758070945739746,0.3671875
5,1793,1.709490418434143,0.34375
5,1794,1.7749719619750977,0.34375
5,1795,1.8400150537490845,0.328125
5,1796,1.872507095336914,0.28125
5,1797,1.8006539344787598,0.3359375
5,1798,1.81342351436615,0.3828125
5,1799,1.784379243850708,0.3125
5,1800,1.802494764328003,0.390625
5,1801,1.5842738151550293,0.4140625
5,1802,1.6717088222503662,0.3984375
5,1803,1.724859595298767,0.3671875
5,1804,1.8013014793395996,0.3359375
5,1805,1.6432111263275146,0.40625
5,1806,1.8432121276855469,0.3125
5,1807,1.8634850978851318,0.3046875
5,1808,1.6695619821548462,0.421875
5,1809,1.700788140296936,0.375
5,1810,1.7917132377624512,0.3203125
5,1811,1.934725046157837,0.3046875
5,1812,1.7684211730957031,0.359375
5,1813,1.752970814704895,0.296875
5,1814,1.8649077415466309,0.296875
5,1815,1.8319096565246582,0.3203125
5,1816,1.760690450668335,0.3203125
5,1817,1.7404122352600098,0.3671875
5,1818,1.7205722332000732,0.3125
5,1819,1.7820028066635132,0.34375
5,1820,1.6961631774902344,0.375
5,1821,1.7213804721832275,0.3359375
5,1822,1.618722677230835,0.40625
5,1823,1.8406078815460205,0.3203125
5,1824,1.6368144750595093,0.3984375
5,1825,1.842581033706665,0.3359375
5,1826,1.708115577697754,0.421875
5,1827,1.694532871246338,0.359375
5,1828,1.699126958847046,0.421875
5,1829,1.7937724590301514,0.3125
5,1830,1.7063896656036377,0.375
5,1831,1.7407571077346802,0.375
5,1832,1.6300938129425049,0.453125
5,1833,1.662337064743042,0.375
5,1834,1.7810883522033691,0.3515625
5,1835,1.6623762845993042,0.34375
5,1836,1.7257765531539917,0.3671875
5,1837,1.8323413133621216,0.3046875
5,1838,1.8165532350540161,0.375
5,1839,1.7155811786651611,0.3203125
5,1840,1.6810367107391357,0.421875
5,1841,1.7881174087524414,0.34375
5,1842,1.7058115005493164,0.4140625
5,1843,1.765634298324585,0.375
5,1844,1.8925763368606567,0.265625
5,1845,1.7100731134414673,0.4140625
5,1846,1.7449284791946411,0.34375
5,1847,1.7709875106811523,0.3359375
5,1848,1.8704051971435547,0.28125
5,1849,1.7553272247314453,0.3671875
5,1850,1.7404570579528809,0.3203125
5,1851,1.672297477722168,0.4140625
5,1852,1.8111841678619385,0.265625
5,1853,1.7100318670272827,0.390625
5,1854,1.7287678718566895,0.4140625
5,1855,1.5962382555007935,0.3671875
5,1856,1.8203818798065186,0.2890625
5,1857,1.761705994606018,0.3515625
5,1858,1.7200515270233154,0.359375
5,1859,1.7795524597167969,0.34375
5,1860,1.7346241474151611,0.375
5,1861,1.761929988861084,0.359375
5,1862,1.8895294666290283,0.34375
5,1863,1.7532835006713867,0.3203125
5,1864,1.7907555103302002,0.296875
5,1865,1.7437232732772827,0.3984375
5,1866,1.7946443557739258,0.3671875
5,1867,1.8171343803405762,0.328125
5,1868,1.827790379524231,0.296875
5,1869,1.8054406642913818,0.296875
5,1870,1.7308080196380615,0.34375
5,1871,1.8285346031188965,0.2890625
5,1872,1.9255225658416748,0.28125
5,1873,1.6182293891906738,0.3828125
5,1874,1.7348811626434326,0.375
5,1875,1.8130000829696655,0.3125
5,1876,1.646973729133606,0.3671875
5,1877,1.7157914638519287,0.4296875
5,1878,1.8037840127944946,0.3203125
5,1879,1.6356682777404785,0.4375
5,1880,1.7749524116516113,0.3828125
5,1881,1.9404200315475464,0.265625
5,1882,1.8359060287475586,0.328125
5,1883,1.9176651239395142,0.34375
5,1884,1.7566618919372559,0.375
5,1885,1.7429276704788208,0.3515625
5,1886,1.6875083446502686,0.3671875
5,1887,1.710415244102478,0.359375
5,1888,1.7831400632858276,0.4453125
5,1889,1.818644642829895,0.390625
5,1890,1.7253239154815674,0.3203125
5,1891,1.6762545108795166,0.375
5,1892,1.678167462348938,0.34375
5,1893,1.784684181213379,0.3125
5,1894,1.6815264225006104,0.4140625
5,1895,1.7296162843704224,0.3671875
5,1896,1.8370659351348877,0.34375
5,1897,1.8992594480514526,0.328125
5,1898,1.7152855396270752,0.3203125
5,1899,1.7016066312789917,0.375
5,1900,1.6302770376205444,0.4140625
5,1901,1.694361925125122,0.328125
5,1902,1.7184557914733887,0.3828125
5,1903,1.9418413639068604,0.3359375
5,1904,1.7867650985717773,0.3671875
5,1905,1.678661823272705,0.390625
5,1906,1.7865872383117676,0.390625
5,1907,1.7837228775024414,0.3046875
5,1908,1.730553388595581,0.3828125
5,1909,1.8246800899505615,0.359375
5,1910,1.6555850505828857,0.421875
5,1911,1.7000153064727783,0.375
5,1912,1.7197320461273193,0.3671875
5,1913,1.7565827369689941,0.3828125
5,1914,1.7761213779449463,0.34375
5,1915,1.6536002159118652,0.453125
5,1916,1.7044540643692017,0.3671875
5,1917,1.81559419631958,0.359375
5,1918,1.5562207698822021,0.4375
5,1919,1.6759932041168213,0.375
5,1920,1.949079155921936,0.2890625
5,1921,1.6343355178833008,0.4296875
5,1922,1.8228272199630737,0.3515625
5,1923,1.6508930921554565,0.3828125
5,1924,1.7568771839141846,0.3046875
5,1925,1.7309194803237915,0.3359375
5,1926,1.68625807762146,0.4296875
5,1927,1.6608734130859375,0.390625
5,1928,1.8766018152236938,0.3203125
5,1929,1.7307078838348389,0.4140625
5,1930,1.7438197135925293,0.4296875
5,1931,1.8037277460098267,0.359375
5,1932,1.7763255834579468,0.3359375
5,1933,1.7472279071807861,0.34375
5,1934,1.7420799732208252,0.3515625
5,1935,1.779454231262207,0.3515625
5,1936,1.6575415134429932,0.4296875
5,1937,1.716296911239624,0.34375
5,1938,1.8394396305084229,0.3359375
5,1939,1.88069748878479,0.2890625
5,1940,1.6854894161224365,0.390625
5,1941,1.7187254428863525,0.4375
5,1942,1.639784336090088,0.3671875
5,1943,1.7275360822677612,0.375
5,1944,1.6661274433135986,0.3984375
5,1945,1.6422919034957886,0.4296875
5,1946,1.7917637825012207,0.328125
5,1947,1.7730505466461182,0.3203125
5,1948,1.6959178447723389,0.3828125
5,1949,1.7827671766281128,0.390625
5,1950,1.7195498943328857,0.3515625
